{"cameraMode":{"drawMode":0,"name":"Shaded","section":"Shading Mode"},"sceneLighting":true,"audioPlay":false,"sceneViewState":{"showFog":true,"showMaterialUpdate":false,"showSkybox":true,"showFlares":true,"showImageEffects":true,"showParticleSystems":true,"showVisualEffectGraphs":true,"m_FxEnabled":true},"in2DMode":false,"pivot":{"x":-1.2318974733352662,"y":22.53232192993164,"z":-51.15416717529297},"rotation":{"x":-0.14380702376365663,"y":0.008012529462575913,"z":-0.0011694385902956129,"w":-0.9895849823951721},"size":12.12435531616211,"orthographic":false}