{"cameraMode":{"drawMode":0,"name":"Shaded","section":"Shading Mode"},"sceneLighting":true,"audioPlay":false,"sceneViewState":{"showFog":true,"showMaterialUpdate":false,"showSkybox":true,"showFlares":true,"showImageEffects":true,"showParticleSystems":true,"showVisualEffectGraphs":true,"m_FxEnabled":true},"in2DMode":false,"pivot":{"x":-1.4144926071166993,"y":-3.5617618560791017,"z":18.708763122558595},"rotation":{"x":-0.17668765783309937,"y":-0.1128266453742981,"z":0.020392069593071939,"w":-0.9775780439376831},"size":39.16462707519531,"orthographic":false}