{"cameraMode":{"drawMode":0,"name":"Shaded","section":"Shading Mode"},"sceneLighting":true,"audioPlay":false,"sceneViewState":{"showFog":true,"showMaterialUpdate":false,"showSkybox":true,"showFlares":true,"showImageEffects":true,"showParticleSystems":true,"showVisualEffectGraphs":true,"m_FxEnabled":true},"in2DMode":false,"pivot":{"x":25.51436996459961,"y":4.980369567871094,"z":0.9977073669433594},"rotation":{"x":0.018145332112908365,"y":0.9706208109855652,"z":-0.2270706743001938,"w":0.07762176543474198},"size":12.967940330505371,"orthographic":false}