{"cameraMode":{"drawMode":0,"name":"Shaded","section":"Shading Mode"},"sceneLighting":false,"audioPlay":false,"sceneViewState":{"showFog":true,"showMaterialUpdate":false,"showSkybox":false,"showFlares":true,"showImageEffects":true,"showParticleSystems":true,"showVisualEffectGraphs":true,"m_FxEnabled":true},"in2DMode":false,"pivot":{"x":-0.0075837671756744389,"y":1.2364200353622437,"z":-0.638715386390686},"rotation":{"x":-0.07225608825683594,"y":0.8924715518951416,"z":-0.15440234541893006,"w":-0.41765230894088747},"size":1.7924760580062867,"orthographic":false}