{"cameraMode":{"drawMode":0,"name":"Shaded","section":"Shading Mode"},"sceneLighting":false,"audioPlay":false,"sceneViewState":{"showFog":true,"showMaterialUpdate":false,"showSkybox":false,"showFlares":true,"showImageEffects":true,"showParticleSystems":true,"showVisualEffectGraphs":true,"m_FxEnabled":true},"in2DMode":false,"pivot":{"x":-26.672861099243165,"y":14.549331665039063,"z":-2.8167519569396974},"rotation":{"x":-0.04467540234327316,"y":-0.003001410746946931,"z":-0.00013358393334783614,"w":0.9989981055259705},"size":15.152368545532227,"orthographic":false}