{"cameraMode":{"drawMode":0,"name":"Shaded","section":"Shading Mode"},"sceneLighting":false,"audioPlay":false,"sceneViewState":{"showFog":true,"showMaterialUpdate":false,"showSkybox":false,"showFlares":true,"showImageEffects":true,"showParticleSystems":true,"showVisualEffectGraphs":true,"m_FxEnabled":true},"in2DMode":false,"pivot":{"x":-25.530784606933595,"y":6.6481852531433109,"z":-15.377828598022461},"rotation":{"x":-0.23215626180171967,"y":0.012253201566636563,"z":-0.0029254236724227669,"w":-0.9726098775863648},"size":9.867193222045899,"orthographic":false}