{"cameraMode":{"drawMode":0,"name":"Shaded","section":"Shading Mode"},"sceneLighting":true,"audioPlay":false,"sceneViewState":{"showFog":true,"showMaterialUpdate":false,"showSkybox":true,"showFlares":true,"showImageEffects":true,"showParticleSystems":true,"showVisualEffectGraphs":true,"m_FxEnabled":true},"in2DMode":false,"pivot":{"x":-10.574592590332032,"y":0.8948976397514343,"z":-4.157408237457275},"rotation":{"x":0.23910751938819886,"y":-0.020388878881931306,"z":0.00502163078635931,"w":0.9707661867141724},"size":30.50275421142578,"orthographic":false}