{"cameraMode":{"drawMode":0,"name":"Shaded","section":"Shading Mode"},"sceneLighting":true,"audioPlay":false,"sceneViewState":{"showFog":true,"showMaterialUpdate":false,"showSkybox":true,"showFlares":true,"showImageEffects":true,"showParticleSystems":true,"showVisualEffectGraphs":true,"m_FxEnabled":true},"in2DMode":false,"pivot":{"x":19.07382583618164,"y":8.257742881774903,"z":-1.6182079315185547},"rotation":{"x":-0.000054019470553612337,"y":0.9804943799972534,"z":-0.19671382009983064,"w":-0.00028987188125029206},"size":13.331965446472168,"orthographic":false}